article_id,author,length,publish_date
100,Alice,1171,2024-12-18
101,Bob,940,2024-12-02
102,Dave,772,2025-01-23
103,Dave,450,2025-01-04
104,Bob,1738,2024-12-16
105,Carol,1621,2025-01-10
106,Alice,1934,2025-01-05
107,Eve,562,2025-01-02
108,Alice,443,2024-12-04
109,Alice,645,2025-01-02
110,Carol,923,2024-12-14
111,Alice,1316,2024-12-21
112,Bob,1895,2025-01-17
113,Bob,1180,2024-12-20
114,Dave,301,2025-01-25
115,Eve,1196,2024-12-08
116,Alice,1627,2024-12-07
117,Alice,553,2024-12-03
118,Carol,1975,2024-12-17
119,Bob,752,2025-01-02
120,Eve,1360,2025-01-17
121,Dave,1483,2024-12-12
122,Bob,1314,2025-01-28
123,Dave,308,2025-01-20
124,Carol,1556,2024-12-22
125,Carol,1422,2025-01-24
126,Alice,1982,2024-12-22
127,Eve,1115,2025-01-15
128,Dave,507,2024-12-30
129,Bob,1454,2025-01-07
130,Carol,703,2025-01-07
131,Alice,451,2025-01-14
132,Alice,353,2025-01-20
133,Dave,1443,2025-01-23
134,Carol,1996,2024-12-08
135,Eve,927,2024-12-27
136,Carol,886,2024-12-27
137,Dave,1948,2025-01-03
138,Dave,1743,2024-12-21
139,Carol,1745,2024-12-30
140,Dave,403,2025-01-02
141,Carol,553,2024-12-28
142,Bob,1550,2025-01-16
143,Carol,1435,2025-01-02
144,Carol,809,2024-12-05
145,Dave,1796,2025-01-29
146,Dave,398,2025-01-17
147,Alice,452,2024-12-19
148,Alice,1213,2024-12-04
149,Bob,1177,2025-01-04
